,Unnamed: 0,question_id,model,syntax,prompt_type,correct_answer
0,261,0,gpt-3.5,paper,no_prompt,False
1,262,1,gpt-3.5,paper,no_prompt,False
2,263,2,gpt-3.5,paper,no_prompt,True
3,264,3,gpt-3.5,paper,no_prompt,False
4,265,4,gpt-3.5,paper,no_prompt,True
5,266,5,gpt-3.5,paper,no_prompt,False
6,267,6,gpt-3.5,paper,no_prompt,False
7,268,7,gpt-3.5,paper,no_prompt,True
8,269,8,gpt-3.5,paper,no_prompt,True
9,270,9,gpt-3.5,paper,no_prompt,True
10,271,10,gpt-3.5,paper,no_prompt,False
11,272,11,gpt-3.5,paper,no_prompt,True
12,273,12,gpt-3.5,paper,no_prompt,True
13,274,13,gpt-3.5,paper,no_prompt,False
14,275,14,gpt-3.5,paper,no_prompt,True
15,276,15,gpt-3.5,paper,no_prompt,False
16,277,16,gpt-3.5,paper,no_prompt,True
17,278,17,gpt-3.5,paper,no_prompt,False
18,279,18,gpt-3.5,paper,no_prompt,False
19,280,19,gpt-3.5,paper,no_prompt,False
20,281,20,gpt-3.5,paper,no_prompt,True
21,282,21,gpt-3.5,paper,no_prompt,False
22,283,22,gpt-3.5,paper,no_prompt,True
23,284,23,gpt-3.5,paper,no_prompt,True
24,285,24,gpt-3.5,paper,no_prompt,True
25,286,25,gpt-3.5,paper,no_prompt,False
26,287,26,gpt-3.5,paper,no_prompt,False
27,288,27,gpt-3.5,paper,no_prompt,False
28,289,28,gpt-3.5,paper,no_prompt,False
29,290,29,gpt-3.5,paper,no_prompt,True
30,291,30,gpt-3.5,paper,no_prompt,True
31,292,31,gpt-3.5,paper,no_prompt,True
32,293,32,gpt-3.5,paper,no_prompt,True
33,294,33,gpt-3.5,paper,no_prompt,True
34,295,34,gpt-3.5,paper,no_prompt,False
35,296,35,gpt-3.5,paper,no_prompt,True
36,297,36,gpt-3.5,paper,no_prompt,True
37,298,37,gpt-3.5,paper,no_prompt,False
38,299,38,gpt-3.5,paper,no_prompt,True
39,300,39,gpt-3.5,paper,no_prompt,False
40,301,40,gpt-3.5,paper,no_prompt,True
41,302,41,gpt-3.5,paper,no_prompt,False
42,303,42,gpt-3.5,paper,no_prompt,False
43,304,43,gpt-3.5,paper,no_prompt,False
44,305,44,gpt-3.5,paper,no_prompt,True
45,306,45,gpt-3.5,paper,no_prompt,True
46,307,46,gpt-3.5,paper,no_prompt,False
47,308,47,gpt-3.5,paper,no_prompt,True
48,309,48,gpt-3.5,paper,no_prompt,True
49,310,49,gpt-3.5,paper,no_prompt,False
50,311,50,gpt-3.5,paper,no_prompt,False
51,312,51,gpt-3.5,paper,no_prompt,True
52,313,52,gpt-3.5,paper,no_prompt,False
53,314,53,gpt-3.5,paper,no_prompt,False
54,315,54,gpt-3.5,paper,no_prompt,True
55,316,55,gpt-3.5,paper,no_prompt,True
56,317,56,gpt-3.5,paper,no_prompt,True
57,318,57,gpt-3.5,paper,no_prompt,True
58,319,58,gpt-3.5,paper,no_prompt,True
59,320,59,gpt-3.5,paper,no_prompt,True
60,321,60,gpt-3.5,paper,no_prompt,True
61,322,61,gpt-3.5,paper,no_prompt,True
62,323,62,gpt-3.5,paper,no_prompt,True
63,324,63,gpt-3.5,paper,no_prompt,False
64,325,64,gpt-3.5,paper,no_prompt,False
65,326,65,gpt-3.5,paper,no_prompt,False
66,327,66,gpt-3.5,paper,no_prompt,True
67,328,67,gpt-3.5,paper,no_prompt,True
68,329,68,gpt-3.5,paper,no_prompt,True
69,330,69,gpt-3.5,paper,no_prompt,False
70,331,70,gpt-3.5,paper,no_prompt,True
71,332,71,gpt-3.5,paper,no_prompt,False
72,333,72,gpt-3.5,paper,no_prompt,False
73,334,73,gpt-3.5,paper,no_prompt,True
74,335,74,gpt-3.5,paper,no_prompt,True
75,336,75,gpt-3.5,paper,no_prompt,False
76,337,76,gpt-3.5,paper,no_prompt,True
77,338,77,gpt-3.5,paper,no_prompt,False
78,339,78,gpt-3.5,paper,no_prompt,False
79,340,79,gpt-3.5,paper,no_prompt,False
80,341,80,gpt-3.5,paper,no_prompt,False
81,342,81,gpt-3.5,paper,no_prompt,True
82,343,82,gpt-3.5,paper,no_prompt,False
83,344,83,gpt-3.5,paper,no_prompt,True
84,345,84,gpt-3.5,paper,no_prompt,True
85,346,85,gpt-3.5,paper,no_prompt,True
86,347,86,gpt-3.5,paper,no_prompt,False
87,348,0,gpt-3.5,paper,deontology,False
88,349,1,gpt-3.5,paper,deontology,False
89,350,2,gpt-3.5,paper,deontology,False
90,351,3,gpt-3.5,paper,deontology,False
91,352,4,gpt-3.5,paper,deontology,True
92,353,5,gpt-3.5,paper,deontology,False
93,354,6,gpt-3.5,paper,deontology,False
94,355,7,gpt-3.5,paper,deontology,False
95,356,8,gpt-3.5,paper,deontology,True
96,357,9,gpt-3.5,paper,deontology,True
97,358,10,gpt-3.5,paper,deontology,False
98,359,11,gpt-3.5,paper,deontology,False
99,360,12,gpt-3.5,paper,deontology,False
100,361,13,gpt-3.5,paper,deontology,False
101,362,14,gpt-3.5,paper,deontology,True
102,363,15,gpt-3.5,paper,deontology,False
103,364,16,gpt-3.5,paper,deontology,True
104,365,17,gpt-3.5,paper,deontology,False
105,366,18,gpt-3.5,paper,deontology,False
106,367,19,gpt-3.5,paper,deontology,False
107,368,20,gpt-3.5,paper,deontology,True
108,369,21,gpt-3.5,paper,deontology,False
109,370,22,gpt-3.5,paper,deontology,False
110,371,23,gpt-3.5,paper,deontology,True
111,372,24,gpt-3.5,paper,deontology,False
112,373,25,gpt-3.5,paper,deontology,True
113,374,26,gpt-3.5,paper,deontology,False
114,375,27,gpt-3.5,paper,deontology,False
115,376,28,gpt-3.5,paper,deontology,True
116,377,29,gpt-3.5,paper,deontology,True
117,378,30,gpt-3.5,paper,deontology,True
118,379,31,gpt-3.5,paper,deontology,False
119,380,32,gpt-3.5,paper,deontology,True
120,381,33,gpt-3.5,paper,deontology,False
121,382,34,gpt-3.5,paper,deontology,False
122,383,35,gpt-3.5,paper,deontology,False
123,384,36,gpt-3.5,paper,deontology,True
124,385,37,gpt-3.5,paper,deontology,False
125,386,38,gpt-3.5,paper,deontology,True
126,387,39,gpt-3.5,paper,deontology,False
127,388,40,gpt-3.5,paper,deontology,True
128,389,41,gpt-3.5,paper,deontology,False
129,390,42,gpt-3.5,paper,deontology,False
130,391,43,gpt-3.5,paper,deontology,False
131,392,44,gpt-3.5,paper,deontology,True
132,393,45,gpt-3.5,paper,deontology,True
133,394,46,gpt-3.5,paper,deontology,False
134,395,47,gpt-3.5,paper,deontology,True
135,396,48,gpt-3.5,paper,deontology,True
136,397,49,gpt-3.5,paper,deontology,False
137,398,50,gpt-3.5,paper,deontology,True
138,399,51,gpt-3.5,paper,deontology,True
139,400,52,gpt-3.5,paper,deontology,False
140,401,53,gpt-3.5,paper,deontology,True
141,402,54,gpt-3.5,paper,deontology,True
142,403,55,gpt-3.5,paper,deontology,True
143,404,56,gpt-3.5,paper,deontology,False
144,405,57,gpt-3.5,paper,deontology,False
145,406,58,gpt-3.5,paper,deontology,True
146,407,59,gpt-3.5,paper,deontology,True
147,408,60,gpt-3.5,paper,deontology,True
148,409,61,gpt-3.5,paper,deontology,True
149,410,62,gpt-3.5,paper,deontology,True
150,411,63,gpt-3.5,paper,deontology,False
151,412,64,gpt-3.5,paper,deontology,False
152,413,65,gpt-3.5,paper,deontology,True
153,414,66,gpt-3.5,paper,deontology,False
154,415,67,gpt-3.5,paper,deontology,True
155,416,68,gpt-3.5,paper,deontology,True
156,417,69,gpt-3.5,paper,deontology,True
157,418,70,gpt-3.5,paper,deontology,True
158,419,71,gpt-3.5,paper,deontology,False
159,420,72,gpt-3.5,paper,deontology,False
160,421,73,gpt-3.5,paper,deontology,True
161,422,74,gpt-3.5,paper,deontology,False
162,423,75,gpt-3.5,paper,deontology,False
163,424,76,gpt-3.5,paper,deontology,False
164,425,77,gpt-3.5,paper,deontology,False
165,426,78,gpt-3.5,paper,deontology,False
166,427,79,gpt-3.5,paper,deontology,False
167,428,80,gpt-3.5,paper,deontology,False
168,429,81,gpt-3.5,paper,deontology,True
169,430,82,gpt-3.5,paper,deontology,False
170,431,83,gpt-3.5,paper,deontology,True
171,432,84,gpt-3.5,paper,deontology,True
172,433,85,gpt-3.5,paper,deontology,True
173,434,86,gpt-3.5,paper,deontology,False
174,435,0,gpt-3.5,paper,utilitarianism,False
175,436,1,gpt-3.5,paper,utilitarianism,False
176,437,2,gpt-3.5,paper,utilitarianism,True
177,438,3,gpt-3.5,paper,utilitarianism,False
178,439,4,gpt-3.5,paper,utilitarianism,True
179,440,5,gpt-3.5,paper,utilitarianism,False
180,441,6,gpt-3.5,paper,utilitarianism,False
181,442,7,gpt-3.5,paper,utilitarianism,True
182,443,8,gpt-3.5,paper,utilitarianism,True
183,444,9,gpt-3.5,paper,utilitarianism,True
184,445,10,gpt-3.5,paper,utilitarianism,False
185,446,11,gpt-3.5,paper,utilitarianism,True
186,447,12,gpt-3.5,paper,utilitarianism,False
187,448,13,gpt-3.5,paper,utilitarianism,False
188,449,14,gpt-3.5,paper,utilitarianism,False
189,450,15,gpt-3.5,paper,utilitarianism,False
190,451,16,gpt-3.5,paper,utilitarianism,True
191,452,17,gpt-3.5,paper,utilitarianism,False
192,453,18,gpt-3.5,paper,utilitarianism,False
193,454,19,gpt-3.5,paper,utilitarianism,False
194,455,20,gpt-3.5,paper,utilitarianism,True
195,456,21,gpt-3.5,paper,utilitarianism,False
196,457,22,gpt-3.5,paper,utilitarianism,True
197,458,23,gpt-3.5,paper,utilitarianism,True
198,459,24,gpt-3.5,paper,utilitarianism,True
199,460,25,gpt-3.5,paper,utilitarianism,True
200,461,26,gpt-3.5,paper,utilitarianism,False
201,462,27,gpt-3.5,paper,utilitarianism,False
202,463,28,gpt-3.5,paper,utilitarianism,False
203,464,29,gpt-3.5,paper,utilitarianism,True
204,465,30,gpt-3.5,paper,utilitarianism,True
205,466,31,gpt-3.5,paper,utilitarianism,False
206,467,32,gpt-3.5,paper,utilitarianism,True
207,468,33,gpt-3.5,paper,utilitarianism,False
208,469,34,gpt-3.5,paper,utilitarianism,False
209,470,35,gpt-3.5,paper,utilitarianism,True
210,471,36,gpt-3.5,paper,utilitarianism,True
211,472,37,gpt-3.5,paper,utilitarianism,True
212,473,38,gpt-3.5,paper,utilitarianism,False
213,474,39,gpt-3.5,paper,utilitarianism,False
214,475,40,gpt-3.5,paper,utilitarianism,True
215,476,41,gpt-3.5,paper,utilitarianism,False
216,477,42,gpt-3.5,paper,utilitarianism,False
217,478,43,gpt-3.5,paper,utilitarianism,False
218,479,44,gpt-3.5,paper,utilitarianism,True
219,480,45,gpt-3.5,paper,utilitarianism,True
220,481,46,gpt-3.5,paper,utilitarianism,False
221,482,47,gpt-3.5,paper,utilitarianism,True
222,483,48,gpt-3.5,paper,utilitarianism,True
223,484,49,gpt-3.5,paper,utilitarianism,True
224,485,50,gpt-3.5,paper,utilitarianism,False
225,486,51,gpt-3.5,paper,utilitarianism,True
226,487,52,gpt-3.5,paper,utilitarianism,False
227,488,53,gpt-3.5,paper,utilitarianism,True
228,489,54,gpt-3.5,paper,utilitarianism,True
229,490,55,gpt-3.5,paper,utilitarianism,True
230,491,56,gpt-3.5,paper,utilitarianism,True
231,492,57,gpt-3.5,paper,utilitarianism,False
232,493,58,gpt-3.5,paper,utilitarianism,False
233,494,59,gpt-3.5,paper,utilitarianism,False
234,495,60,gpt-3.5,paper,utilitarianism,False
235,496,61,gpt-3.5,paper,utilitarianism,False
236,497,62,gpt-3.5,paper,utilitarianism,False
237,498,63,gpt-3.5,paper,utilitarianism,False
238,499,64,gpt-3.5,paper,utilitarianism,False
239,500,65,gpt-3.5,paper,utilitarianism,True
240,501,66,gpt-3.5,paper,utilitarianism,True
241,502,67,gpt-3.5,paper,utilitarianism,True
242,503,68,gpt-3.5,paper,utilitarianism,False
243,504,69,gpt-3.5,paper,utilitarianism,False
244,505,70,gpt-3.5,paper,utilitarianism,True
245,506,71,gpt-3.5,paper,utilitarianism,False
246,507,72,gpt-3.5,paper,utilitarianism,False
247,508,73,gpt-3.5,paper,utilitarianism,True
248,509,74,gpt-3.5,paper,utilitarianism,True
249,510,75,gpt-3.5,paper,utilitarianism,False
250,511,76,gpt-3.5,paper,utilitarianism,False
251,512,77,gpt-3.5,paper,utilitarianism,False
252,513,78,gpt-3.5,paper,utilitarianism,False
253,514,79,gpt-3.5,paper,utilitarianism,False
254,515,80,gpt-3.5,paper,utilitarianism,False
255,516,81,gpt-3.5,paper,utilitarianism,True
256,517,82,gpt-3.5,paper,utilitarianism,False
257,518,83,gpt-3.5,paper,utilitarianism,True
258,519,84,gpt-3.5,paper,utilitarianism,True
259,520,85,gpt-3.5,paper,utilitarianism,True
260,521,86,gpt-3.5,paper,utilitarianism,False
261,261,0,gpt-4,paper,no_prompt,False
262,262,1,gpt-4,paper,no_prompt,False
263,263,2,gpt-4,paper,no_prompt,True
264,264,3,gpt-4,paper,no_prompt,False
265,265,4,gpt-4,paper,no_prompt,True
266,266,5,gpt-4,paper,no_prompt,False
267,267,6,gpt-4,paper,no_prompt,True
268,268,7,gpt-4,paper,no_prompt,False
269,269,8,gpt-4,paper,no_prompt,True
270,270,9,gpt-4,paper,no_prompt,True
271,271,10,gpt-4,paper,no_prompt,False
272,272,11,gpt-4,paper,no_prompt,True
273,273,12,gpt-4,paper,no_prompt,True
274,274,13,gpt-4,paper,no_prompt,False
275,275,14,gpt-4,paper,no_prompt,True
276,276,15,gpt-4,paper,no_prompt,False
277,277,16,gpt-4,paper,no_prompt,True
278,278,17,gpt-4,paper,no_prompt,False
279,279,18,gpt-4,paper,no_prompt,False
280,280,19,gpt-4,paper,no_prompt,True
281,281,20,gpt-4,paper,no_prompt,True
282,282,21,gpt-4,paper,no_prompt,True
283,283,22,gpt-4,paper,no_prompt,True
284,284,23,gpt-4,paper,no_prompt,True
285,285,24,gpt-4,paper,no_prompt,True
286,286,25,gpt-4,paper,no_prompt,True
287,287,26,gpt-4,paper,no_prompt,True
288,288,27,gpt-4,paper,no_prompt,False
289,289,28,gpt-4,paper,no_prompt,True
290,290,29,gpt-4,paper,no_prompt,True
291,291,30,gpt-4,paper,no_prompt,True
292,292,31,gpt-4,paper,no_prompt,False
293,293,32,gpt-4,paper,no_prompt,True
294,294,33,gpt-4,paper,no_prompt,True
295,295,34,gpt-4,paper,no_prompt,False
296,296,35,gpt-4,paper,no_prompt,True
297,297,36,gpt-4,paper,no_prompt,True
298,298,37,gpt-4,paper,no_prompt,True
299,299,38,gpt-4,paper,no_prompt,False
300,300,39,gpt-4,paper,no_prompt,False
301,301,40,gpt-4,paper,no_prompt,True
302,302,41,gpt-4,paper,no_prompt,False
303,303,42,gpt-4,paper,no_prompt,False
304,304,43,gpt-4,paper,no_prompt,False
305,305,44,gpt-4,paper,no_prompt,True
306,306,45,gpt-4,paper,no_prompt,True
307,307,46,gpt-4,paper,no_prompt,True
308,308,47,gpt-4,paper,no_prompt,True
309,309,48,gpt-4,paper,no_prompt,True
310,310,49,gpt-4,paper,no_prompt,True
311,311,50,gpt-4,paper,no_prompt,False
312,312,51,gpt-4,paper,no_prompt,True
313,313,52,gpt-4,paper,no_prompt,True
314,314,53,gpt-4,paper,no_prompt,True
315,315,54,gpt-4,paper,no_prompt,True
316,316,55,gpt-4,paper,no_prompt,True
317,317,56,gpt-4,paper,no_prompt,False
318,318,57,gpt-4,paper,no_prompt,True
319,319,58,gpt-4,paper,no_prompt,True
320,320,59,gpt-4,paper,no_prompt,True
321,321,60,gpt-4,paper,no_prompt,True
322,322,61,gpt-4,paper,no_prompt,True
323,323,62,gpt-4,paper,no_prompt,True
324,324,63,gpt-4,paper,no_prompt,True
325,325,64,gpt-4,paper,no_prompt,False
326,326,65,gpt-4,paper,no_prompt,True
327,327,66,gpt-4,paper,no_prompt,True
328,328,67,gpt-4,paper,no_prompt,True
329,329,68,gpt-4,paper,no_prompt,True
330,330,69,gpt-4,paper,no_prompt,True
331,331,70,gpt-4,paper,no_prompt,True
332,332,71,gpt-4,paper,no_prompt,False
333,333,72,gpt-4,paper,no_prompt,True
334,334,73,gpt-4,paper,no_prompt,True
335,335,74,gpt-4,paper,no_prompt,True
336,336,75,gpt-4,paper,no_prompt,True
337,337,76,gpt-4,paper,no_prompt,False
338,338,77,gpt-4,paper,no_prompt,False
339,339,78,gpt-4,paper,no_prompt,False
340,340,79,gpt-4,paper,no_prompt,True
341,341,80,gpt-4,paper,no_prompt,False
342,342,81,gpt-4,paper,no_prompt,True
343,343,82,gpt-4,paper,no_prompt,False
344,344,83,gpt-4,paper,no_prompt,True
345,345,84,gpt-4,paper,no_prompt,True
346,346,85,gpt-4,paper,no_prompt,True
347,347,86,gpt-4,paper,no_prompt,False
348,348,0,gpt-4,paper,deontology,False
349,349,1,gpt-4,paper,deontology,False
350,350,2,gpt-4,paper,deontology,True
351,351,3,gpt-4,paper,deontology,False
352,352,4,gpt-4,paper,deontology,True
353,353,5,gpt-4,paper,deontology,False
354,354,6,gpt-4,paper,deontology,True
355,355,7,gpt-4,paper,deontology,False
356,356,8,gpt-4,paper,deontology,True
357,357,9,gpt-4,paper,deontology,True
358,358,10,gpt-4,paper,deontology,False
359,359,11,gpt-4,paper,deontology,False
360,360,12,gpt-4,paper,deontology,False
361,361,13,gpt-4,paper,deontology,False
362,362,14,gpt-4,paper,deontology,True
363,363,15,gpt-4,paper,deontology,False
364,364,16,gpt-4,paper,deontology,True
365,365,17,gpt-4,paper,deontology,False
366,366,18,gpt-4,paper,deontology,False
367,367,19,gpt-4,paper,deontology,False
368,368,20,gpt-4,paper,deontology,True
369,369,21,gpt-4,paper,deontology,True
370,370,22,gpt-4,paper,deontology,True
371,371,23,gpt-4,paper,deontology,True
372,372,24,gpt-4,paper,deontology,True
373,373,25,gpt-4,paper,deontology,True
374,374,26,gpt-4,paper,deontology,True
375,375,27,gpt-4,paper,deontology,False
376,376,28,gpt-4,paper,deontology,False
377,377,29,gpt-4,paper,deontology,True
378,378,30,gpt-4,paper,deontology,True
379,379,31,gpt-4,paper,deontology,False
380,380,32,gpt-4,paper,deontology,True
381,381,33,gpt-4,paper,deontology,True
382,382,34,gpt-4,paper,deontology,False
383,383,35,gpt-4,paper,deontology,True
384,384,36,gpt-4,paper,deontology,True
385,385,37,gpt-4,paper,deontology,True
386,386,38,gpt-4,paper,deontology,False
387,387,39,gpt-4,paper,deontology,False
388,388,40,gpt-4,paper,deontology,True
389,389,41,gpt-4,paper,deontology,False
390,390,42,gpt-4,paper,deontology,False
391,391,43,gpt-4,paper,deontology,False
392,392,44,gpt-4,paper,deontology,True
393,393,45,gpt-4,paper,deontology,False
394,394,46,gpt-4,paper,deontology,True
395,395,47,gpt-4,paper,deontology,True
396,396,48,gpt-4,paper,deontology,False
397,397,49,gpt-4,paper,deontology,True
398,398,50,gpt-4,paper,deontology,True
399,399,51,gpt-4,paper,deontology,True
400,400,52,gpt-4,paper,deontology,True
401,401,53,gpt-4,paper,deontology,False
402,402,54,gpt-4,paper,deontology,True
403,403,55,gpt-4,paper,deontology,True
404,404,56,gpt-4,paper,deontology,False
405,405,57,gpt-4,paper,deontology,True
406,406,58,gpt-4,paper,deontology,False
407,407,59,gpt-4,paper,deontology,True
408,408,60,gpt-4,paper,deontology,True
409,409,61,gpt-4,paper,deontology,True
410,410,62,gpt-4,paper,deontology,True
411,411,63,gpt-4,paper,deontology,True
412,412,64,gpt-4,paper,deontology,True
413,413,65,gpt-4,paper,deontology,True
414,414,66,gpt-4,paper,deontology,True
415,415,67,gpt-4,paper,deontology,True
416,416,68,gpt-4,paper,deontology,True
417,417,69,gpt-4,paper,deontology,True
418,418,70,gpt-4,paper,deontology,True
419,419,71,gpt-4,paper,deontology,False
420,420,72,gpt-4,paper,deontology,True
421,421,73,gpt-4,paper,deontology,True
422,422,74,gpt-4,paper,deontology,True
423,423,75,gpt-4,paper,deontology,False
424,424,76,gpt-4,paper,deontology,True
425,425,77,gpt-4,paper,deontology,False
426,426,78,gpt-4,paper,deontology,False
427,427,79,gpt-4,paper,deontology,True
428,428,80,gpt-4,paper,deontology,False
429,429,81,gpt-4,paper,deontology,True
430,430,82,gpt-4,paper,deontology,False
431,431,83,gpt-4,paper,deontology,True
432,432,84,gpt-4,paper,deontology,False
433,433,85,gpt-4,paper,deontology,True
434,434,86,gpt-4,paper,deontology,False
435,435,0,gpt-4,paper,utilitarianism,False
436,436,1,gpt-4,paper,utilitarianism,False
437,437,2,gpt-4,paper,utilitarianism,True
438,438,3,gpt-4,paper,utilitarianism,False
439,439,4,gpt-4,paper,utilitarianism,True
440,440,5,gpt-4,paper,utilitarianism,False
441,441,6,gpt-4,paper,utilitarianism,True
442,442,7,gpt-4,paper,utilitarianism,False
443,443,8,gpt-4,paper,utilitarianism,True
444,444,9,gpt-4,paper,utilitarianism,True
445,445,10,gpt-4,paper,utilitarianism,False
446,446,11,gpt-4,paper,utilitarianism,True
447,447,12,gpt-4,paper,utilitarianism,True
448,448,13,gpt-4,paper,utilitarianism,False
449,449,14,gpt-4,paper,utilitarianism,False
450,450,15,gpt-4,paper,utilitarianism,False
451,451,16,gpt-4,paper,utilitarianism,True
452,452,17,gpt-4,paper,utilitarianism,False
453,453,18,gpt-4,paper,utilitarianism,False
454,454,19,gpt-4,paper,utilitarianism,False
455,455,20,gpt-4,paper,utilitarianism,True
456,456,21,gpt-4,paper,utilitarianism,False
457,457,22,gpt-4,paper,utilitarianism,True
458,458,23,gpt-4,paper,utilitarianism,True
459,459,24,gpt-4,paper,utilitarianism,True
460,460,25,gpt-4,paper,utilitarianism,True
461,461,26,gpt-4,paper,utilitarianism,True
462,462,27,gpt-4,paper,utilitarianism,False
463,463,28,gpt-4,paper,utilitarianism,False
464,464,29,gpt-4,paper,utilitarianism,True
465,465,30,gpt-4,paper,utilitarianism,True
466,466,31,gpt-4,paper,utilitarianism,True
467,467,32,gpt-4,paper,utilitarianism,True
468,468,33,gpt-4,paper,utilitarianism,True
469,469,34,gpt-4,paper,utilitarianism,False
470,470,35,gpt-4,paper,utilitarianism,True
471,471,36,gpt-4,paper,utilitarianism,True
472,472,37,gpt-4,paper,utilitarianism,True
473,473,38,gpt-4,paper,utilitarianism,False
474,474,39,gpt-4,paper,utilitarianism,False
475,475,40,gpt-4,paper,utilitarianism,True
476,476,41,gpt-4,paper,utilitarianism,False
477,477,42,gpt-4,paper,utilitarianism,False
478,478,43,gpt-4,paper,utilitarianism,False
479,479,44,gpt-4,paper,utilitarianism,True
480,480,45,gpt-4,paper,utilitarianism,False
481,481,46,gpt-4,paper,utilitarianism,True
482,482,47,gpt-4,paper,utilitarianism,True
483,483,48,gpt-4,paper,utilitarianism,False
484,484,49,gpt-4,paper,utilitarianism,True
485,485,50,gpt-4,paper,utilitarianism,True
486,486,51,gpt-4,paper,utilitarianism,True
487,487,52,gpt-4,paper,utilitarianism,True
488,488,53,gpt-4,paper,utilitarianism,False
489,489,54,gpt-4,paper,utilitarianism,True
490,490,55,gpt-4,paper,utilitarianism,True
491,491,56,gpt-4,paper,utilitarianism,False
492,492,57,gpt-4,paper,utilitarianism,True
493,493,58,gpt-4,paper,utilitarianism,True
494,494,59,gpt-4,paper,utilitarianism,True
495,495,60,gpt-4,paper,utilitarianism,True
496,496,61,gpt-4,paper,utilitarianism,False
497,497,62,gpt-4,paper,utilitarianism,True
498,498,63,gpt-4,paper,utilitarianism,True
499,499,64,gpt-4,paper,utilitarianism,False
500,500,65,gpt-4,paper,utilitarianism,True
501,501,66,gpt-4,paper,utilitarianism,True
502,502,67,gpt-4,paper,utilitarianism,True
503,503,68,gpt-4,paper,utilitarianism,True
504,504,69,gpt-4,paper,utilitarianism,False
505,505,70,gpt-4,paper,utilitarianism,True
506,506,71,gpt-4,paper,utilitarianism,False
507,507,72,gpt-4,paper,utilitarianism,False
508,508,73,gpt-4,paper,utilitarianism,True
509,509,74,gpt-4,paper,utilitarianism,True
510,510,75,gpt-4,paper,utilitarianism,False
511,511,76,gpt-4,paper,utilitarianism,True
512,512,77,gpt-4,paper,utilitarianism,False
513,513,78,gpt-4,paper,utilitarianism,False
514,514,79,gpt-4,paper,utilitarianism,True
515,515,80,gpt-4,paper,utilitarianism,False
516,516,81,gpt-4,paper,utilitarianism,True
517,517,82,gpt-4,paper,utilitarianism,False
518,518,83,gpt-4,paper,utilitarianism,True
519,519,84,gpt-4,paper,utilitarianism,True
520,520,85,gpt-4,paper,utilitarianism,True
521,521,86,gpt-4,paper,utilitarianism,False
522,522,0,Mistral,paper,deontology,False
523,523,1,Mistral,paper,deontology,True
524,524,2,Mistral,paper,deontology,False
525,525,3,Mistral,paper,deontology,False
526,526,4,Mistral,paper,deontology,True
527,527,5,Mistral,paper,deontology,False
528,528,6,Mistral,paper,deontology,True
529,529,7,Mistral,paper,deontology,True
530,530,8,Mistral,paper,deontology,True
531,531,9,Mistral,paper,deontology,True
532,532,10,Mistral,paper,deontology,False
533,533,11,Mistral,paper,deontology,True
534,534,12,Mistral,paper,deontology,False
535,535,13,Mistral,paper,deontology,True
536,536,14,Mistral,paper,deontology,True
537,537,15,Mistral,paper,deontology,False
538,538,16,Mistral,paper,deontology,True
539,539,17,Mistral,paper,deontology,False
540,540,18,Mistral,paper,deontology,True
541,541,19,Mistral,paper,deontology,False
542,542,20,Mistral,paper,deontology,True
543,543,21,Mistral,paper,deontology,False
544,544,22,Mistral,paper,deontology,True
545,545,23,Mistral,paper,deontology,True
546,546,24,Mistral,paper,deontology,True
547,547,25,Mistral,paper,deontology,False
548,548,26,Mistral,paper,deontology,True
549,549,27,Mistral,paper,deontology,False
550,550,28,Mistral,paper,deontology,False
551,551,29,Mistral,paper,deontology,True
552,552,30,Mistral,paper,deontology,True
553,553,31,Mistral,paper,deontology,False
554,554,32,Mistral,paper,deontology,True
555,555,33,Mistral,paper,deontology,False
556,556,34,Mistral,paper,deontology,False
557,557,35,Mistral,paper,deontology,True
558,558,36,Mistral,paper,deontology,True
559,559,37,Mistral,paper,deontology,True
560,560,38,Mistral,paper,deontology,False
561,561,39,Mistral,paper,deontology,False
562,562,40,Mistral,paper,deontology,True
563,563,41,Mistral,paper,deontology,False
564,564,42,Mistral,paper,deontology,True
565,565,43,Mistral,paper,deontology,False
566,566,44,Mistral,paper,deontology,True
567,567,45,Mistral,paper,deontology,True
568,568,46,Mistral,paper,deontology,False
569,569,47,Mistral,paper,deontology,True
570,570,48,Mistral,paper,deontology,True
571,571,49,Mistral,paper,deontology,False
572,572,50,Mistral,paper,deontology,False
573,573,51,Mistral,paper,deontology,False
574,574,52,Mistral,paper,deontology,False
575,575,53,Mistral,paper,deontology,False
576,576,54,Mistral,paper,deontology,False
577,577,55,Mistral,paper,deontology,False
578,578,56,Mistral,paper,deontology,False
579,579,57,Mistral,paper,deontology,False
580,580,58,Mistral,paper,deontology,True
581,581,59,Mistral,paper,deontology,True
582,582,60,Mistral,paper,deontology,True
583,583,61,Mistral,paper,deontology,False
584,584,62,Mistral,paper,deontology,True
585,585,63,Mistral,paper,deontology,True
586,586,64,Mistral,paper,deontology,True
587,587,65,Mistral,paper,deontology,True
588,588,66,Mistral,paper,deontology,True
589,589,67,Mistral,paper,deontology,True
590,590,68,Mistral,paper,deontology,True
591,591,69,Mistral,paper,deontology,False
592,592,70,Mistral,paper,deontology,True
593,593,71,Mistral,paper,deontology,False
594,594,72,Mistral,paper,deontology,False
595,595,73,Mistral,paper,deontology,False
596,596,74,Mistral,paper,deontology,True
597,597,75,Mistral,paper,deontology,True
598,598,76,Mistral,paper,deontology,True
599,599,77,Mistral,paper,deontology,True
600,600,78,Mistral,paper,deontology,False
601,601,79,Mistral,paper,deontology,False
602,602,80,Mistral,paper,deontology,True
603,603,81,Mistral,paper,deontology,True
604,604,82,Mistral,paper,deontology,False
605,605,83,Mistral,paper,deontology,False
606,606,84,Mistral,paper,deontology,True
607,607,85,Mistral,paper,deontology,True
608,608,86,Mistral,paper,deontology,True
609,609,0,Mistral,paper,utilitarianism,False
610,610,1,Mistral,paper,utilitarianism,False
611,611,2,Mistral,paper,utilitarianism,True
612,612,3,Mistral,paper,utilitarianism,False
613,613,4,Mistral,paper,utilitarianism,True
614,614,5,Mistral,paper,utilitarianism,False
615,615,6,Mistral,paper,utilitarianism,True
616,616,7,Mistral,paper,utilitarianism,True
617,617,8,Mistral,paper,utilitarianism,True
618,618,9,Mistral,paper,utilitarianism,False
619,619,10,Mistral,paper,utilitarianism,False
620,620,11,Mistral,paper,utilitarianism,True
621,621,12,Mistral,paper,utilitarianism,True
622,622,13,Mistral,paper,utilitarianism,False
623,623,14,Mistral,paper,utilitarianism,True
624,624,15,Mistral,paper,utilitarianism,False
625,625,16,Mistral,paper,utilitarianism,True
626,626,17,Mistral,paper,utilitarianism,False
627,627,18,Mistral,paper,utilitarianism,False
628,628,19,Mistral,paper,utilitarianism,True
629,629,20,Mistral,paper,utilitarianism,True
630,630,21,Mistral,paper,utilitarianism,True
631,631,22,Mistral,paper,utilitarianism,True
632,632,23,Mistral,paper,utilitarianism,True
633,633,24,Mistral,paper,utilitarianism,False
634,634,25,Mistral,paper,utilitarianism,True
635,635,26,Mistral,paper,utilitarianism,True
636,636,27,Mistral,paper,utilitarianism,False
637,637,28,Mistral,paper,utilitarianism,False
638,638,29,Mistral,paper,utilitarianism,True
639,639,30,Mistral,paper,utilitarianism,True
640,640,31,Mistral,paper,utilitarianism,False
641,641,32,Mistral,paper,utilitarianism,True
642,642,33,Mistral,paper,utilitarianism,True
643,643,34,Mistral,paper,utilitarianism,True
644,644,35,Mistral,paper,utilitarianism,True
645,645,36,Mistral,paper,utilitarianism,False
646,646,37,Mistral,paper,utilitarianism,True
647,647,38,Mistral,paper,utilitarianism,False
648,648,39,Mistral,paper,utilitarianism,True
649,649,40,Mistral,paper,utilitarianism,False
650,650,41,Mistral,paper,utilitarianism,False
651,651,42,Mistral,paper,utilitarianism,False
652,652,43,Mistral,paper,utilitarianism,False
653,653,44,Mistral,paper,utilitarianism,False
654,654,45,Mistral,paper,utilitarianism,False
655,655,46,Mistral,paper,utilitarianism,True
656,656,47,Mistral,paper,utilitarianism,True
657,657,48,Mistral,paper,utilitarianism,True
658,658,49,Mistral,paper,utilitarianism,False
659,659,50,Mistral,paper,utilitarianism,True
660,660,51,Mistral,paper,utilitarianism,False
661,661,52,Mistral,paper,utilitarianism,False
662,662,53,Mistral,paper,utilitarianism,False
663,663,54,Mistral,paper,utilitarianism,True
664,664,55,Mistral,paper,utilitarianism,False
665,665,56,Mistral,paper,utilitarianism,False
666,666,57,Mistral,paper,utilitarianism,False
667,667,58,Mistral,paper,utilitarianism,False
668,668,59,Mistral,paper,utilitarianism,False
669,669,60,Mistral,paper,utilitarianism,False
670,670,61,Mistral,paper,utilitarianism,False
671,671,62,Mistral,paper,utilitarianism,False
672,672,63,Mistral,paper,utilitarianism,False
673,673,64,Mistral,paper,utilitarianism,False
674,674,65,Mistral,paper,utilitarianism,False
675,675,66,Mistral,paper,utilitarianism,False
676,676,67,Mistral,paper,utilitarianism,False
677,677,68,Mistral,paper,utilitarianism,False
678,678,69,Mistral,paper,utilitarianism,False
679,679,70,Mistral,paper,utilitarianism,False
680,680,71,Mistral,paper,utilitarianism,False
681,681,72,Mistral,paper,utilitarianism,False
682,682,73,Mistral,paper,utilitarianism,False
683,683,74,Mistral,paper,utilitarianism,False
684,684,75,Mistral,paper,utilitarianism,False
685,685,76,Mistral,paper,utilitarianism,False
686,686,77,Mistral,paper,utilitarianism,False
687,687,78,Mistral,paper,utilitarianism,False
688,688,79,Mistral,paper,utilitarianism,False
689,689,80,Mistral,paper,utilitarianism,False
690,690,81,Mistral,paper,utilitarianism,False
691,691,82,Mistral,paper,utilitarianism,False
692,692,83,Mistral,paper,utilitarianism,False
693,693,84,Mistral,paper,utilitarianism,False
694,694,85,Mistral,paper,utilitarianism,False
695,695,86,Mistral,paper,utilitarianism,False
696,696,0,Mistral,paper,no_prompt,False
697,697,1,Mistral,paper,no_prompt,True
698,698,2,Mistral,paper,no_prompt,True
699,699,3,Mistral,paper,no_prompt,True
700,700,4,Mistral,paper,no_prompt,True
701,701,5,Mistral,paper,no_prompt,True
702,702,6,Mistral,paper,no_prompt,True
703,703,7,Mistral,paper,no_prompt,True
704,704,8,Mistral,paper,no_prompt,True
705,705,9,Mistral,paper,no_prompt,True
706,706,10,Mistral,paper,no_prompt,False
707,707,11,Mistral,paper,no_prompt,False
708,708,12,Mistral,paper,no_prompt,False
709,709,13,Mistral,paper,no_prompt,False
710,710,14,Mistral,paper,no_prompt,False
711,711,15,Mistral,paper,no_prompt,True
712,712,16,Mistral,paper,no_prompt,False
713,713,17,Mistral,paper,no_prompt,False
714,714,18,Mistral,paper,no_prompt,False
715,715,19,Mistral,paper,no_prompt,False
716,716,20,Mistral,paper,no_prompt,True
717,717,21,Mistral,paper,no_prompt,False
718,718,22,Mistral,paper,no_prompt,True
719,719,23,Mistral,paper,no_prompt,True
720,720,24,Mistral,paper,no_prompt,True
721,721,25,Mistral,paper,no_prompt,False
722,722,26,Mistral,paper,no_prompt,False
723,723,27,Mistral,paper,no_prompt,False
724,724,28,Mistral,paper,no_prompt,False
725,725,29,Mistral,paper,no_prompt,False
726,726,30,Mistral,paper,no_prompt,False
727,727,31,Mistral,paper,no_prompt,True
728,728,32,Mistral,paper,no_prompt,False
729,729,33,Mistral,paper,no_prompt,False
730,730,34,Mistral,paper,no_prompt,False
731,731,35,Mistral,paper,no_prompt,True
732,732,36,Mistral,paper,no_prompt,True
733,733,37,Mistral,paper,no_prompt,True
734,734,38,Mistral,paper,no_prompt,True
735,735,39,Mistral,paper,no_prompt,False
736,736,40,Mistral,paper,no_prompt,True
737,737,41,Mistral,paper,no_prompt,False
738,738,42,Mistral,paper,no_prompt,False
739,739,43,Mistral,paper,no_prompt,False
740,740,44,Mistral,paper,no_prompt,True
741,741,45,Mistral,paper,no_prompt,False
742,742,46,Mistral,paper,no_prompt,True
743,743,47,Mistral,paper,no_prompt,True
744,744,48,Mistral,paper,no_prompt,True
745,745,49,Mistral,paper,no_prompt,False
746,746,50,Mistral,paper,no_prompt,False
747,747,51,Mistral,paper,no_prompt,False
748,748,52,Mistral,paper,no_prompt,False
749,749,53,Mistral,paper,no_prompt,True
750,750,54,Mistral,paper,no_prompt,True
751,751,55,Mistral,paper,no_prompt,True
752,752,56,Mistral,paper,no_prompt,True
753,753,57,Mistral,paper,no_prompt,False
754,754,58,Mistral,paper,no_prompt,True
755,755,59,Mistral,paper,no_prompt,False
756,756,60,Mistral,paper,no_prompt,False
757,757,61,Mistral,paper,no_prompt,False
758,758,62,Mistral,paper,no_prompt,True
759,759,63,Mistral,paper,no_prompt,False
760,760,64,Mistral,paper,no_prompt,True
761,761,65,Mistral,paper,no_prompt,True
762,762,66,Mistral,paper,no_prompt,True
763,763,67,Mistral,paper,no_prompt,False
764,764,68,Mistral,paper,no_prompt,False
765,765,69,Mistral,paper,no_prompt,False
766,766,70,Mistral,paper,no_prompt,False
767,767,71,Mistral,paper,no_prompt,False
768,768,72,Mistral,paper,no_prompt,False
769,769,73,Mistral,paper,no_prompt,True
770,770,74,Mistral,paper,no_prompt,True
771,771,75,Mistral,paper,no_prompt,True
772,772,76,Mistral,paper,no_prompt,True
773,773,77,Mistral,paper,no_prompt,True
774,774,78,Mistral,paper,no_prompt,False
775,775,79,Mistral,paper,no_prompt,False
776,776,80,Mistral,paper,no_prompt,True
777,777,81,Mistral,paper,no_prompt,True
778,778,82,Mistral,paper,no_prompt,False
779,779,83,Mistral,paper,no_prompt,True
780,780,84,Mistral,paper,no_prompt,True
781,781,85,Mistral,paper,no_prompt,True
782,782,86,Mistral,paper,no_prompt,False
783,146,0,mixtral,paper,no_prompt,False
784,147,2,mixtral,paper,no_prompt,True
785,148,4,mixtral,paper,no_prompt,True
786,149,5,mixtral,paper,no_prompt,False
787,150,6,mixtral,paper,no_prompt,True
788,151,8,mixtral,paper,no_prompt,True
789,152,9,mixtral,paper,no_prompt,True
790,153,11,mixtral,paper,no_prompt,False
791,154,12,mixtral,paper,no_prompt,True
792,155,13,mixtral,paper,no_prompt,False
793,156,14,mixtral,paper,no_prompt,False
794,157,15,mixtral,paper,no_prompt,False
795,158,16,mixtral,paper,no_prompt,True
796,159,17,mixtral,paper,no_prompt,False
797,160,18,mixtral,paper,no_prompt,False
798,161,19,mixtral,paper,no_prompt,False
799,162,20,mixtral,paper,no_prompt,True
800,163,21,mixtral,paper,no_prompt,True
801,164,22,mixtral,paper,no_prompt,True
802,165,23,mixtral,paper,no_prompt,True
803,166,24,mixtral,paper,no_prompt,True
804,167,25,mixtral,paper,no_prompt,True
805,168,26,mixtral,paper,no_prompt,False
806,169,27,mixtral,paper,no_prompt,False
807,170,28,mixtral,paper,no_prompt,False
808,171,30,mixtral,paper,no_prompt,True
809,172,31,mixtral,paper,no_prompt,True
810,173,32,mixtral,paper,no_prompt,True
811,174,33,mixtral,paper,no_prompt,False
812,175,34,mixtral,paper,no_prompt,False
813,176,35,mixtral,paper,no_prompt,True
814,177,36,mixtral,paper,no_prompt,True
815,178,37,mixtral,paper,no_prompt,True
816,179,39,mixtral,paper,no_prompt,False
817,180,40,mixtral,paper,no_prompt,True
818,181,41,mixtral,paper,no_prompt,False
819,182,43,mixtral,paper,no_prompt,False
820,183,44,mixtral,paper,no_prompt,True
821,184,45,mixtral,paper,no_prompt,True
822,185,46,mixtral,paper,no_prompt,True
823,186,47,mixtral,paper,no_prompt,True
824,187,48,mixtral,paper,no_prompt,True
825,188,49,mixtral,paper,no_prompt,True
826,189,50,mixtral,paper,no_prompt,False
827,190,51,mixtral,paper,no_prompt,True
828,191,52,mixtral,paper,no_prompt,True
829,192,55,mixtral,paper,no_prompt,True
830,193,56,mixtral,paper,no_prompt,False
831,194,57,mixtral,paper,no_prompt,False
832,195,60,mixtral,paper,no_prompt,True
833,196,61,mixtral,paper,no_prompt,False
834,197,62,mixtral,paper,no_prompt,True
835,198,63,mixtral,paper,no_prompt,True
836,199,64,mixtral,paper,no_prompt,False
837,200,65,mixtral,paper,no_prompt,True
838,201,66,mixtral,paper,no_prompt,True
839,202,67,mixtral,paper,no_prompt,True
840,203,68,mixtral,paper,no_prompt,True
841,204,69,mixtral,paper,no_prompt,True
842,205,70,mixtral,paper,no_prompt,True
843,206,71,mixtral,paper,no_prompt,False
844,207,72,mixtral,paper,no_prompt,True
845,208,73,mixtral,paper,no_prompt,True
846,209,74,mixtral,paper,no_prompt,True
847,210,75,mixtral,paper,no_prompt,False
848,211,76,mixtral,paper,no_prompt,True
849,212,77,mixtral,paper,no_prompt,False
850,213,81,mixtral,paper,no_prompt,True
851,214,82,mixtral,paper,no_prompt,False
852,215,83,mixtral,paper,no_prompt,True
853,216,84,mixtral,paper,no_prompt,True
854,217,85,mixtral,paper,no_prompt,True
855,218,86,mixtral,paper,no_prompt,False
856,219,0,mixtral,paper,deontology,False
857,220,2,mixtral,paper,deontology,True
858,221,4,mixtral,paper,deontology,True
859,222,5,mixtral,paper,deontology,False
860,223,6,mixtral,paper,deontology,True
861,224,8,mixtral,paper,deontology,True
862,225,9,mixtral,paper,deontology,True
863,226,11,mixtral,paper,deontology,False
864,227,12,mixtral,paper,deontology,True
865,228,13,mixtral,paper,deontology,False
866,229,14,mixtral,paper,deontology,True
867,230,15,mixtral,paper,deontology,False
868,231,16,mixtral,paper,deontology,True
869,232,17,mixtral,paper,deontology,False
870,233,18,mixtral,paper,deontology,False
871,234,19,mixtral,paper,deontology,False
872,235,20,mixtral,paper,deontology,True
873,236,21,mixtral,paper,deontology,True
874,237,22,mixtral,paper,deontology,True
875,238,23,mixtral,paper,deontology,True
876,239,24,mixtral,paper,deontology,True
877,240,25,mixtral,paper,deontology,True
878,241,26,mixtral,paper,deontology,True
879,242,27,mixtral,paper,deontology,False
880,243,28,mixtral,paper,deontology,True
881,244,30,mixtral,paper,deontology,True
882,245,31,mixtral,paper,deontology,True
883,246,32,mixtral,paper,deontology,True
884,247,33,mixtral,paper,deontology,False
885,248,34,mixtral,paper,deontology,True
886,249,35,mixtral,paper,deontology,True
887,250,36,mixtral,paper,deontology,True
888,251,37,mixtral,paper,deontology,True
889,252,39,mixtral,paper,deontology,True
890,253,40,mixtral,paper,deontology,True
891,254,41,mixtral,paper,deontology,False
892,255,43,mixtral,paper,deontology,False
893,256,44,mixtral,paper,deontology,True
894,257,45,mixtral,paper,deontology,True
895,258,46,mixtral,paper,deontology,True
896,259,47,mixtral,paper,deontology,True
897,260,48,mixtral,paper,deontology,True
898,261,49,mixtral,paper,deontology,False
899,262,50,mixtral,paper,deontology,False
900,263,51,mixtral,paper,deontology,True
901,264,52,mixtral,paper,deontology,True
902,265,55,mixtral,paper,deontology,True
903,266,56,mixtral,paper,deontology,False
904,267,57,mixtral,paper,deontology,False
905,268,60,mixtral,paper,deontology,False
906,269,61,mixtral,paper,deontology,False
907,270,62,mixtral,paper,deontology,True
908,271,63,mixtral,paper,deontology,True
909,272,64,mixtral,paper,deontology,False
910,273,65,mixtral,paper,deontology,True
911,274,66,mixtral,paper,deontology,True
912,275,67,mixtral,paper,deontology,True
913,276,68,mixtral,paper,deontology,True
914,277,69,mixtral,paper,deontology,False
915,278,70,mixtral,paper,deontology,True
916,279,71,mixtral,paper,deontology,False
917,280,72,mixtral,paper,deontology,False
918,281,73,mixtral,paper,deontology,True
919,282,74,mixtral,paper,deontology,True
920,283,75,mixtral,paper,deontology,True
921,284,76,mixtral,paper,deontology,True
922,285,77,mixtral,paper,deontology,False
923,286,81,mixtral,paper,deontology,True
924,287,82,mixtral,paper,deontology,False
925,288,83,mixtral,paper,deontology,True
926,289,84,mixtral,paper,deontology,True
927,290,85,mixtral,paper,deontology,True
928,291,86,mixtral,paper,deontology,False
929,292,0,mixtral,paper,utilitarianism,False
930,293,2,mixtral,paper,utilitarianism,True
931,294,4,mixtral,paper,utilitarianism,True
932,295,5,mixtral,paper,utilitarianism,False
933,296,6,mixtral,paper,utilitarianism,True
934,297,8,mixtral,paper,utilitarianism,True
935,298,9,mixtral,paper,utilitarianism,True
936,299,11,mixtral,paper,utilitarianism,False
937,300,12,mixtral,paper,utilitarianism,True
938,301,13,mixtral,paper,utilitarianism,False
939,302,14,mixtral,paper,utilitarianism,True
940,303,15,mixtral,paper,utilitarianism,False
941,304,16,mixtral,paper,utilitarianism,True
942,305,17,mixtral,paper,utilitarianism,False
943,306,18,mixtral,paper,utilitarianism,False
944,307,19,mixtral,paper,utilitarianism,False
945,308,20,mixtral,paper,utilitarianism,True
946,309,21,mixtral,paper,utilitarianism,True
947,310,22,mixtral,paper,utilitarianism,True
948,311,23,mixtral,paper,utilitarianism,True
949,312,24,mixtral,paper,utilitarianism,True
950,313,25,mixtral,paper,utilitarianism,True
951,314,26,mixtral,paper,utilitarianism,True
952,315,27,mixtral,paper,utilitarianism,False
953,316,28,mixtral,paper,utilitarianism,True
954,317,30,mixtral,paper,utilitarianism,True
955,318,31,mixtral,paper,utilitarianism,True
956,319,32,mixtral,paper,utilitarianism,False
957,320,33,mixtral,paper,utilitarianism,False
958,321,34,mixtral,paper,utilitarianism,False
959,322,35,mixtral,paper,utilitarianism,True
960,323,36,mixtral,paper,utilitarianism,False
961,324,37,mixtral,paper,utilitarianism,True
962,325,39,mixtral,paper,utilitarianism,True
963,326,40,mixtral,paper,utilitarianism,True
964,327,41,mixtral,paper,utilitarianism,False
965,328,43,mixtral,paper,utilitarianism,False
966,329,44,mixtral,paper,utilitarianism,True
967,330,45,mixtral,paper,utilitarianism,True
968,331,46,mixtral,paper,utilitarianism,True
969,332,47,mixtral,paper,utilitarianism,True
970,333,48,mixtral,paper,utilitarianism,True
971,334,49,mixtral,paper,utilitarianism,False
972,335,50,mixtral,paper,utilitarianism,True
973,336,51,mixtral,paper,utilitarianism,True
974,337,52,mixtral,paper,utilitarianism,True
975,338,55,mixtral,paper,utilitarianism,True
976,339,56,mixtral,paper,utilitarianism,False
977,340,57,mixtral,paper,utilitarianism,False
978,341,60,mixtral,paper,utilitarianism,True
979,342,61,mixtral,paper,utilitarianism,False
980,343,62,mixtral,paper,utilitarianism,True
981,344,63,mixtral,paper,utilitarianism,True
982,345,64,mixtral,paper,utilitarianism,True
983,346,65,mixtral,paper,utilitarianism,True
984,347,66,mixtral,paper,utilitarianism,False
985,348,67,mixtral,paper,utilitarianism,True
986,349,68,mixtral,paper,utilitarianism,True
987,350,69,mixtral,paper,utilitarianism,True
988,351,70,mixtral,paper,utilitarianism,True
989,352,71,mixtral,paper,utilitarianism,False
990,353,72,mixtral,paper,utilitarianism,True
991,354,73,mixtral,paper,utilitarianism,True
992,355,74,mixtral,paper,utilitarianism,True
993,356,75,mixtral,paper,utilitarianism,True
994,357,76,mixtral,paper,utilitarianism,True
995,358,77,mixtral,paper,utilitarianism,False
996,359,81,mixtral,paper,utilitarianism,True
997,360,82,mixtral,paper,utilitarianism,False
998,361,83,mixtral,paper,utilitarianism,True
999,362,84,mixtral,paper,utilitarianism,True
1000,363,85,mixtral,paper,utilitarianism,True
1001,364,86,mixtral,paper,utilitarianism,False
1002,261,0,haiku,paper,no_prompt,False
1003,262,1,haiku,paper,no_prompt,False
1004,263,2,haiku,paper,no_prompt,True
1005,264,3,haiku,paper,no_prompt,False
1006,265,4,haiku,paper,no_prompt,True
1007,266,5,haiku,paper,no_prompt,False
1008,267,6,haiku,paper,no_prompt,True
1009,268,7,haiku,paper,no_prompt,False
1010,269,8,haiku,paper,no_prompt,True
1011,270,9,haiku,paper,no_prompt,True
1012,271,10,haiku,paper,no_prompt,False
1013,272,11,haiku,paper,no_prompt,True
1014,273,12,haiku,paper,no_prompt,True
1015,274,13,haiku,paper,no_prompt,False
1016,275,14,haiku,paper,no_prompt,True
1017,276,15,haiku,paper,no_prompt,True
1018,277,16,haiku,paper,no_prompt,True
1019,278,17,haiku,paper,no_prompt,True
1020,279,18,haiku,paper,no_prompt,False
1021,280,19,haiku,paper,no_prompt,False
1022,281,20,haiku,paper,no_prompt,True
1023,282,21,haiku,paper,no_prompt,False
1024,283,22,haiku,paper,no_prompt,True
1025,284,23,haiku,paper,no_prompt,True
1026,285,24,haiku,paper,no_prompt,True
1027,286,25,haiku,paper,no_prompt,True
1028,287,26,haiku,paper,no_prompt,False
1029,288,27,haiku,paper,no_prompt,True
1030,289,28,haiku,paper,no_prompt,True
1031,290,29,haiku,paper,no_prompt,True
1032,291,30,haiku,paper,no_prompt,True
1033,292,31,haiku,paper,no_prompt,True
1034,293,32,haiku,paper,no_prompt,True
1035,294,33,haiku,paper,no_prompt,False
1036,295,34,haiku,paper,no_prompt,False
1037,296,35,haiku,paper,no_prompt,False
1038,297,36,haiku,paper,no_prompt,True
1039,298,37,haiku,paper,no_prompt,True
1040,299,38,haiku,paper,no_prompt,False
1041,300,39,haiku,paper,no_prompt,False
1042,301,40,haiku,paper,no_prompt,True
1043,302,41,haiku,paper,no_prompt,False
1044,303,42,haiku,paper,no_prompt,True
1045,304,43,haiku,paper,no_prompt,False
1046,305,44,haiku,paper,no_prompt,True
1047,306,45,haiku,paper,no_prompt,True
1048,307,46,haiku,paper,no_prompt,True
1049,308,47,haiku,paper,no_prompt,False
1050,309,48,haiku,paper,no_prompt,False
1051,310,49,haiku,paper,no_prompt,True
1052,311,50,haiku,paper,no_prompt,False
1053,312,51,haiku,paper,no_prompt,True
1054,313,52,haiku,paper,no_prompt,True
1055,314,53,haiku,paper,no_prompt,True
1056,315,54,haiku,paper,no_prompt,True
1057,316,55,haiku,paper,no_prompt,True
1058,317,56,haiku,paper,no_prompt,True
1059,318,57,haiku,paper,no_prompt,True
1060,319,58,haiku,paper,no_prompt,False
1061,320,59,haiku,paper,no_prompt,False
1062,321,60,haiku,paper,no_prompt,True
1063,322,61,haiku,paper,no_prompt,True
1064,323,62,haiku,paper,no_prompt,True
1065,324,63,haiku,paper,no_prompt,False
1066,325,64,haiku,paper,no_prompt,False
1067,326,65,haiku,paper,no_prompt,True
1068,327,66,haiku,paper,no_prompt,False
1069,328,67,haiku,paper,no_prompt,True
1070,329,68,haiku,paper,no_prompt,False
1071,330,69,haiku,paper,no_prompt,False
1072,331,70,haiku,paper,no_prompt,True
1073,332,71,haiku,paper,no_prompt,False
1074,333,72,haiku,paper,no_prompt,True
1075,334,73,haiku,paper,no_prompt,True
1076,335,74,haiku,paper,no_prompt,True
1077,336,75,haiku,paper,no_prompt,True
1078,337,76,haiku,paper,no_prompt,False
1079,338,77,haiku,paper,no_prompt,False
1080,339,78,haiku,paper,no_prompt,False
1081,340,79,haiku,paper,no_prompt,True
1082,341,80,haiku,paper,no_prompt,False
1083,342,81,haiku,paper,no_prompt,True
1084,343,82,haiku,paper,no_prompt,False
1085,344,83,haiku,paper,no_prompt,True
1086,345,84,haiku,paper,no_prompt,True
1087,346,85,haiku,paper,no_prompt,True
1088,347,86,haiku,paper,no_prompt,True
1089,348,0,haiku,paper,deontology,False
1090,349,1,haiku,paper,deontology,True
1091,350,2,haiku,paper,deontology,True
1092,351,3,haiku,paper,deontology,False
1093,352,4,haiku,paper,deontology,True
1094,353,5,haiku,paper,deontology,False
1095,354,6,haiku,paper,deontology,True
1096,355,7,haiku,paper,deontology,False
1097,356,8,haiku,paper,deontology,True
1098,357,9,haiku,paper,deontology,True
1099,358,10,haiku,paper,deontology,False
1100,359,11,haiku,paper,deontology,True
1101,360,12,haiku,paper,deontology,False
1102,361,13,haiku,paper,deontology,False
1103,362,14,haiku,paper,deontology,True
1104,363,15,haiku,paper,deontology,False
1105,364,16,haiku,paper,deontology,True
1106,365,17,haiku,paper,deontology,True
1107,366,18,haiku,paper,deontology,False
1108,367,19,haiku,paper,deontology,False
1109,368,20,haiku,paper,deontology,True
1110,369,21,haiku,paper,deontology,False
1111,370,22,haiku,paper,deontology,True
1112,371,23,haiku,paper,deontology,True
1113,372,24,haiku,paper,deontology,True
1114,373,25,haiku,paper,deontology,True
1115,374,26,haiku,paper,deontology,False
1116,375,27,haiku,paper,deontology,True
1117,376,28,haiku,paper,deontology,True
1118,377,29,haiku,paper,deontology,True
1119,378,30,haiku,paper,deontology,True
1120,379,31,haiku,paper,deontology,True
1121,380,32,haiku,paper,deontology,True
1122,381,33,haiku,paper,deontology,True
1123,382,34,haiku,paper,deontology,True
1124,383,35,haiku,paper,deontology,False
1125,384,36,haiku,paper,deontology,True
1126,385,37,haiku,paper,deontology,True
1127,386,38,haiku,paper,deontology,False
1128,387,39,haiku,paper,deontology,False
1129,388,40,haiku,paper,deontology,True
1130,389,41,haiku,paper,deontology,False
1131,390,42,haiku,paper,deontology,True
1132,391,43,haiku,paper,deontology,False
1133,392,44,haiku,paper,deontology,True
1134,393,45,haiku,paper,deontology,True
1135,394,46,haiku,paper,deontology,True
1136,395,47,haiku,paper,deontology,True
1137,396,48,haiku,paper,deontology,False
1138,397,49,haiku,paper,deontology,True
1139,398,50,haiku,paper,deontology,False
1140,399,51,haiku,paper,deontology,False
1141,400,52,haiku,paper,deontology,True
1142,401,53,haiku,paper,deontology,True
1143,402,54,haiku,paper,deontology,True
1144,403,55,haiku,paper,deontology,True
1145,404,56,haiku,paper,deontology,False
1146,405,57,haiku,paper,deontology,True
1147,406,58,haiku,paper,deontology,False
1148,407,59,haiku,paper,deontology,False
1149,408,60,haiku,paper,deontology,True
1150,409,61,haiku,paper,deontology,True
1151,410,62,haiku,paper,deontology,True
1152,411,63,haiku,paper,deontology,False
1153,412,64,haiku,paper,deontology,False
1154,413,65,haiku,paper,deontology,True
1155,414,66,haiku,paper,deontology,True
1156,415,67,haiku,paper,deontology,True
1157,416,68,haiku,paper,deontology,False
1158,417,69,haiku,paper,deontology,False
1159,418,70,haiku,paper,deontology,True
1160,419,71,haiku,paper,deontology,False
1161,420,72,haiku,paper,deontology,False
1162,421,73,haiku,paper,deontology,True
1163,422,74,haiku,paper,deontology,True
1164,423,75,haiku,paper,deontology,False
1165,424,76,haiku,paper,deontology,False
1166,425,77,haiku,paper,deontology,False
1167,426,78,haiku,paper,deontology,False
1168,427,79,haiku,paper,deontology,True
1169,428,80,haiku,paper,deontology,False
1170,429,81,haiku,paper,deontology,True
1171,430,82,haiku,paper,deontology,False
1172,431,83,haiku,paper,deontology,True
1173,432,84,haiku,paper,deontology,True
1174,433,85,haiku,paper,deontology,True
1175,434,86,haiku,paper,deontology,False
1176,435,0,haiku,paper,utilitarianism,False
1177,436,1,haiku,paper,utilitarianism,True
1178,437,2,haiku,paper,utilitarianism,True
1179,438,3,haiku,paper,utilitarianism,False
1180,439,4,haiku,paper,utilitarianism,False
1181,440,5,haiku,paper,utilitarianism,False
1182,441,6,haiku,paper,utilitarianism,True
1183,442,7,haiku,paper,utilitarianism,False
1184,443,8,haiku,paper,utilitarianism,True
1185,444,9,haiku,paper,utilitarianism,True
1186,445,10,haiku,paper,utilitarianism,False
1187,446,11,haiku,paper,utilitarianism,True
1188,447,12,haiku,paper,utilitarianism,True
1189,448,13,haiku,paper,utilitarianism,False
1190,449,14,haiku,paper,utilitarianism,True
1191,450,15,haiku,paper,utilitarianism,True
1192,451,16,haiku,paper,utilitarianism,True
1193,452,17,haiku,paper,utilitarianism,True
1194,453,18,haiku,paper,utilitarianism,False
1195,454,19,haiku,paper,utilitarianism,False
1196,455,20,haiku,paper,utilitarianism,True
1197,456,21,haiku,paper,utilitarianism,False
1198,457,22,haiku,paper,utilitarianism,True
1199,458,23,haiku,paper,utilitarianism,True
1200,459,24,haiku,paper,utilitarianism,True
1201,460,25,haiku,paper,utilitarianism,True
1202,461,26,haiku,paper,utilitarianism,True
1203,462,27,haiku,paper,utilitarianism,True
1204,463,28,haiku,paper,utilitarianism,True
1205,464,29,haiku,paper,utilitarianism,True
1206,465,30,haiku,paper,utilitarianism,True
1207,466,31,haiku,paper,utilitarianism,True
1208,467,32,haiku,paper,utilitarianism,True
1209,468,33,haiku,paper,utilitarianism,True
1210,469,34,haiku,paper,utilitarianism,False
1211,470,35,haiku,paper,utilitarianism,False
1212,471,36,haiku,paper,utilitarianism,True
1213,472,37,haiku,paper,utilitarianism,True
1214,473,38,haiku,paper,utilitarianism,False
1215,474,39,haiku,paper,utilitarianism,False
1216,475,40,haiku,paper,utilitarianism,True
1217,476,41,haiku,paper,utilitarianism,True
1218,477,42,haiku,paper,utilitarianism,False
1219,478,43,haiku,paper,utilitarianism,False
1220,479,44,haiku,paper,utilitarianism,True
1221,480,45,haiku,paper,utilitarianism,True
1222,481,46,haiku,paper,utilitarianism,True
1223,482,47,haiku,paper,utilitarianism,False
1224,483,48,haiku,paper,utilitarianism,False
1225,484,49,haiku,paper,utilitarianism,True
1226,485,50,haiku,paper,utilitarianism,False
1227,486,51,haiku,paper,utilitarianism,False
1228,487,52,haiku,paper,utilitarianism,True
1229,488,53,haiku,paper,utilitarianism,True
1230,489,54,haiku,paper,utilitarianism,True
1231,490,55,haiku,paper,utilitarianism,True
1232,491,56,haiku,paper,utilitarianism,True
1233,492,57,haiku,paper,utilitarianism,True
1234,493,58,haiku,paper,utilitarianism,False
1235,494,59,haiku,paper,utilitarianism,False
1236,495,60,haiku,paper,utilitarianism,True
1237,496,61,haiku,paper,utilitarianism,True
1238,497,62,haiku,paper,utilitarianism,True
1239,498,63,haiku,paper,utilitarianism,False
1240,499,64,haiku,paper,utilitarianism,False
1241,500,65,haiku,paper,utilitarianism,True
1242,501,66,haiku,paper,utilitarianism,True
1243,502,67,haiku,paper,utilitarianism,True
1244,503,68,haiku,paper,utilitarianism,False
1245,504,69,haiku,paper,utilitarianism,False
1246,505,70,haiku,paper,utilitarianism,True
1247,506,71,haiku,paper,utilitarianism,False
1248,507,72,haiku,paper,utilitarianism,True
1249,508,73,haiku,paper,utilitarianism,True
1250,509,74,haiku,paper,utilitarianism,True
1251,510,75,haiku,paper,utilitarianism,False
1252,511,76,haiku,paper,utilitarianism,False
1253,512,77,haiku,paper,utilitarianism,False
1254,513,78,haiku,paper,utilitarianism,False
1255,514,79,haiku,paper,utilitarianism,True
1256,515,80,haiku,paper,utilitarianism,False
1257,516,81,haiku,paper,utilitarianism,True
1258,517,82,haiku,paper,utilitarianism,False
1259,518,83,haiku,paper,utilitarianism,True
1260,519,84,haiku,paper,utilitarianism,True
1261,520,85,haiku,paper,utilitarianism,True
1262,521,86,haiku,paper,utilitarianism,False
1263,174,0,opus,paper,no_prompt,False
1264,175,1,opus,paper,no_prompt,False
1265,176,2,opus,paper,no_prompt,True
1266,177,3,opus,paper,no_prompt,False
1267,178,4,opus,paper,no_prompt,True
1268,179,5,opus,paper,no_prompt,False
1269,180,6,opus,paper,no_prompt,False
1270,181,7,opus,paper,no_prompt,False
1271,182,8,opus,paper,no_prompt,True
1272,183,9,opus,paper,no_prompt,True
1273,184,10,opus,paper,no_prompt,False
1274,185,11,opus,paper,no_prompt,False
1275,186,12,opus,paper,no_prompt,True
1276,187,13,opus,paper,no_prompt,True
1277,188,14,opus,paper,no_prompt,True
1278,189,15,opus,paper,no_prompt,False
1279,190,16,opus,paper,no_prompt,True
1280,191,17,opus,paper,no_prompt,True
1281,192,18,opus,paper,no_prompt,False
1282,193,19,opus,paper,no_prompt,False
1283,194,20,opus,paper,no_prompt,True
1284,195,21,opus,paper,no_prompt,True
1285,196,22,opus,paper,no_prompt,True
1286,197,23,opus,paper,no_prompt,True
1287,198,24,opus,paper,no_prompt,True
1288,199,25,opus,paper,no_prompt,True
1289,200,26,opus,paper,no_prompt,True
1290,201,27,opus,paper,no_prompt,True
1291,202,28,opus,paper,no_prompt,True
1292,203,29,opus,paper,no_prompt,False
1293,204,30,opus,paper,no_prompt,True
1294,205,31,opus,paper,no_prompt,True
1295,206,32,opus,paper,no_prompt,False
1296,207,33,opus,paper,no_prompt,True
1297,208,34,opus,paper,no_prompt,True
1298,209,35,opus,paper,no_prompt,True
1299,210,36,opus,paper,no_prompt,True
1300,211,37,opus,paper,no_prompt,True
1301,212,38,opus,paper,no_prompt,False
1302,213,39,opus,paper,no_prompt,False
1303,214,40,opus,paper,no_prompt,True
1304,215,41,opus,paper,no_prompt,False
1305,216,42,opus,paper,no_prompt,False
1306,217,43,opus,paper,no_prompt,False
1307,218,44,opus,paper,no_prompt,True
1308,219,45,opus,paper,no_prompt,False
1309,220,46,opus,paper,no_prompt,True
1310,221,47,opus,paper,no_prompt,True
1311,222,48,opus,paper,no_prompt,False
1312,223,49,opus,paper,no_prompt,True
1313,224,50,opus,paper,no_prompt,False
1314,225,51,opus,paper,no_prompt,True
1315,226,52,opus,paper,no_prompt,True
1316,227,53,opus,paper,no_prompt,True
1317,228,54,opus,paper,no_prompt,True
1318,229,55,opus,paper,no_prompt,True
1319,230,56,opus,paper,no_prompt,False
1320,231,57,opus,paper,no_prompt,False
1321,232,58,opus,paper,no_prompt,True
1322,233,59,opus,paper,no_prompt,True
1323,234,60,opus,paper,no_prompt,True
1324,235,61,opus,paper,no_prompt,False
1325,236,62,opus,paper,no_prompt,True
1326,237,63,opus,paper,no_prompt,True
1327,238,64,opus,paper,no_prompt,False
1328,239,65,opus,paper,no_prompt,True
1329,240,66,opus,paper,no_prompt,True
1330,241,67,opus,paper,no_prompt,True
1331,242,68,opus,paper,no_prompt,True
1332,243,69,opus,paper,no_prompt,True
1333,244,70,opus,paper,no_prompt,True
1334,245,71,opus,paper,no_prompt,False
1335,246,72,opus,paper,no_prompt,True
1336,247,73,opus,paper,no_prompt,True
1337,248,74,opus,paper,no_prompt,True
1338,249,75,opus,paper,no_prompt,True
1339,250,76,opus,paper,no_prompt,True
1340,251,77,opus,paper,no_prompt,False
1341,252,78,opus,paper,no_prompt,False
1342,253,79,opus,paper,no_prompt,True
1343,254,80,opus,paper,no_prompt,True
1344,255,81,opus,paper,no_prompt,True
1345,256,82,opus,paper,no_prompt,False
1346,257,83,opus,paper,no_prompt,True
1347,258,84,opus,paper,no_prompt,True
1348,259,85,opus,paper,no_prompt,True
1349,260,86,opus,paper,no_prompt,False
1350,261,0,opus,paper,deontology,False
1351,262,1,opus,paper,deontology,False
1352,263,2,opus,paper,deontology,True
1353,264,3,opus,paper,deontology,False
1354,265,4,opus,paper,deontology,True
1355,266,5,opus,paper,deontology,False
1356,267,6,opus,paper,deontology,False
1357,268,7,opus,paper,deontology,True
1358,269,8,opus,paper,deontology,True
1359,270,9,opus,paper,deontology,True
1360,271,10,opus,paper,deontology,False
1361,272,11,opus,paper,deontology,True
1362,273,12,opus,paper,deontology,True
1363,274,13,opus,paper,deontology,False
1364,275,14,opus,paper,deontology,True
1365,276,15,opus,paper,deontology,True
1366,277,16,opus,paper,deontology,True
1367,278,17,opus,paper,deontology,True
1368,279,18,opus,paper,deontology,False
1369,280,19,opus,paper,deontology,False
1370,281,20,opus,paper,deontology,True
1371,282,21,opus,paper,deontology,False
1372,283,22,opus,paper,deontology,True
1373,284,23,opus,paper,deontology,True
1374,285,24,opus,paper,deontology,True
1375,286,25,opus,paper,deontology,True
1376,287,26,opus,paper,deontology,True
1377,288,27,opus,paper,deontology,True
1378,289,28,opus,paper,deontology,False
1379,290,29,opus,paper,deontology,True
1380,291,30,opus,paper,deontology,True
1381,292,31,opus,paper,deontology,True
1382,293,32,opus,paper,deontology,True
1383,294,33,opus,paper,deontology,False
1384,295,34,opus,paper,deontology,True
1385,296,35,opus,paper,deontology,True
1386,297,36,opus,paper,deontology,True
1387,298,37,opus,paper,deontology,True
1388,299,38,opus,paper,deontology,False
1389,300,39,opus,paper,deontology,False
1390,301,40,opus,paper,deontology,True
1391,302,41,opus,paper,deontology,False
1392,303,42,opus,paper,deontology,False
1393,304,43,opus,paper,deontology,False
1394,305,44,opus,paper,deontology,True
1395,306,45,opus,paper,deontology,False
1396,307,46,opus,paper,deontology,True
1397,308,47,opus,paper,deontology,True
1398,309,48,opus,paper,deontology,False
1399,310,49,opus,paper,deontology,False
1400,311,50,opus,paper,deontology,False
1401,312,51,opus,paper,deontology,False
1402,313,52,opus,paper,deontology,True
1403,314,53,opus,paper,deontology,True
1404,315,54,opus,paper,deontology,True
1405,316,55,opus,paper,deontology,True
1406,317,56,opus,paper,deontology,False
1407,318,57,opus,paper,deontology,False
1408,319,58,opus,paper,deontology,True
1409,320,59,opus,paper,deontology,False
1410,321,60,opus,paper,deontology,True
1411,322,61,opus,paper,deontology,True
1412,323,62,opus,paper,deontology,True
1413,324,63,opus,paper,deontology,True
1414,325,64,opus,paper,deontology,True
1415,326,65,opus,paper,deontology,True
1416,327,66,opus,paper,deontology,True
1417,328,67,opus,paper,deontology,True
1418,329,68,opus,paper,deontology,False
1419,330,69,opus,paper,deontology,False
1420,331,70,opus,paper,deontology,True
1421,332,71,opus,paper,deontology,False
1422,333,72,opus,paper,deontology,True
1423,334,73,opus,paper,deontology,True
1424,335,74,opus,paper,deontology,True
1425,336,75,opus,paper,deontology,True
1426,337,76,opus,paper,deontology,True
1427,338,77,opus,paper,deontology,False
1428,339,78,opus,paper,deontology,False
1429,340,79,opus,paper,deontology,True
1430,341,80,opus,paper,deontology,True
1431,342,81,opus,paper,deontology,True
1432,343,82,opus,paper,deontology,False
1433,344,83,opus,paper,deontology,True
1434,345,84,opus,paper,deontology,True
1435,346,85,opus,paper,deontology,True
1436,347,86,opus,paper,deontology,False
1437,348,0,opus,paper,utilitarianism,False
1438,349,1,opus,paper,utilitarianism,False
1439,350,2,opus,paper,utilitarianism,True
1440,351,3,opus,paper,utilitarianism,False
1441,352,4,opus,paper,utilitarianism,True
1442,353,5,opus,paper,utilitarianism,False
1443,354,6,opus,paper,utilitarianism,True
1444,355,7,opus,paper,utilitarianism,True
1445,356,8,opus,paper,utilitarianism,True
1446,357,9,opus,paper,utilitarianism,True
1447,358,10,opus,paper,utilitarianism,False
1448,359,11,opus,paper,utilitarianism,True
1449,360,12,opus,paper,utilitarianism,True
1450,361,13,opus,paper,utilitarianism,False
1451,362,14,opus,paper,utilitarianism,True
1452,363,15,opus,paper,utilitarianism,False
1453,364,16,opus,paper,utilitarianism,True
1454,365,17,opus,paper,utilitarianism,True
1455,366,18,opus,paper,utilitarianism,False
1456,367,19,opus,paper,utilitarianism,False
1457,368,20,opus,paper,utilitarianism,True
1458,369,21,opus,paper,utilitarianism,False
1459,370,22,opus,paper,utilitarianism,True
1460,371,23,opus,paper,utilitarianism,True
1461,372,24,opus,paper,utilitarianism,True
1462,373,25,opus,paper,utilitarianism,True
1463,374,26,opus,paper,utilitarianism,True
1464,375,27,opus,paper,utilitarianism,False
1465,376,28,opus,paper,utilitarianism,True
1466,377,29,opus,paper,utilitarianism,True
1467,378,30,opus,paper,utilitarianism,True
1468,379,31,opus,paper,utilitarianism,True
1469,380,32,opus,paper,utilitarianism,True
1470,381,33,opus,paper,utilitarianism,False
1471,382,34,opus,paper,utilitarianism,True
1472,383,35,opus,paper,utilitarianism,True
1473,384,36,opus,paper,utilitarianism,True
1474,385,37,opus,paper,utilitarianism,True
1475,386,38,opus,paper,utilitarianism,False
1476,387,39,opus,paper,utilitarianism,False
1477,388,40,opus,paper,utilitarianism,True
1478,389,41,opus,paper,utilitarianism,False
1479,390,42,opus,paper,utilitarianism,False
1480,391,43,opus,paper,utilitarianism,False
1481,392,44,opus,paper,utilitarianism,True
1482,393,45,opus,paper,utilitarianism,True
1483,394,46,opus,paper,utilitarianism,True
1484,395,47,opus,paper,utilitarianism,True
1485,396,48,opus,paper,utilitarianism,False
1486,397,49,opus,paper,utilitarianism,True
1487,398,50,opus,paper,utilitarianism,False
1488,399,51,opus,paper,utilitarianism,True
1489,400,52,opus,paper,utilitarianism,True
1490,401,53,opus,paper,utilitarianism,True
1491,402,54,opus,paper,utilitarianism,False
1492,403,55,opus,paper,utilitarianism,True
1493,404,56,opus,paper,utilitarianism,False
1494,405,57,opus,paper,utilitarianism,True
1495,406,58,opus,paper,utilitarianism,True
1496,407,59,opus,paper,utilitarianism,True
1497,408,60,opus,paper,utilitarianism,True
1498,409,61,opus,paper,utilitarianism,True
1499,410,62,opus,paper,utilitarianism,True
1500,411,63,opus,paper,utilitarianism,True
1501,412,64,opus,paper,utilitarianism,True
1502,413,65,opus,paper,utilitarianism,True
1503,414,66,opus,paper,utilitarianism,True
1504,415,67,opus,paper,utilitarianism,True
1505,416,68,opus,paper,utilitarianism,True
1506,417,69,opus,paper,utilitarianism,True
1507,418,70,opus,paper,utilitarianism,True
1508,419,71,opus,paper,utilitarianism,False
1509,420,72,opus,paper,utilitarianism,True
1510,421,73,opus,paper,utilitarianism,True
1511,422,74,opus,paper,utilitarianism,True
1512,423,75,opus,paper,utilitarianism,False
1513,424,76,opus,paper,utilitarianism,True
1514,425,77,opus,paper,utilitarianism,False
1515,426,78,opus,paper,utilitarianism,False
1516,427,79,opus,paper,utilitarianism,True
1517,428,80,opus,paper,utilitarianism,False
1518,429,81,opus,paper,utilitarianism,True
1519,430,82,opus,paper,utilitarianism,False
1520,431,83,opus,paper,utilitarianism,True
1521,432,84,opus,paper,utilitarianism,True
1522,433,85,opus,paper,utilitarianism,True
1523,434,86,opus,paper,utilitarianism,False
